Emp_ID,Full_Name,Age,Join_Date,Department,Salary,Email
1418,Ananya Bhat,40,25-03-2020,Marketing,101000,ananya.bhat68@example.com
1443,Sneha Deshmukh,40,30-10-2021,Sales,32000,sneha.deshmukh25@example.com
1192,Pranav Kulkarni,47,10-05-2021,HR,124000,pranav.kulkarni70@example.com
1234,Arjun Joshi,40,20-12-2018,IT,101500,arjun.joshi86@example.com
1043,Neha Mehta,44,17-05-2022,Marketing,164000,neha.mehta29@example.com
1228,Pooja Nair,31,28-11-2024,HR,50000,pooja.nair16@example.com
1198,Shaurya Kumar,39,17-09-2018,Finance,148000,shaurya.kumar47@example.com
1009,Krishna Saxena,25,19-09-2019,Operations,41000,krishna.saxena77@example.com
1204,Vanya Pandey,40,13-10-2020,Finance,36000,vanya.pandey83@example.com
1361,Kabir Mishra,34,13-07-2022,Finance,154000,kabir.mishra10@example.com
1294,Khushi Sharma,30,31-03-2018,HR,34000,khushi.sharma82@example.com
1446,Ishaan Nath,43,01-10-2025,HR,124000,ishaan.nath15@example.com
1299,Neha Bhat,27,11-04-2018,IT,84000,neha.bhat38@example.com
1232,Arjun Sharma,22,13-06-2018,Marketing,153000,arjun.sharma55@example.com
1285,Mira Mehta,24,06-01-2024,Finance,81000,mira.mehta82@example.com
1397,Ishaan Pandey,48,29-03-2019,Operations,58000,ishaan.pandey5@example.com
1246,Ayaan Deshmukh,35,13-03-2023,IT,102000,ayaan.deshmukh90@example.com
1114,Kavya Joshi,31,14-07-2024,Finance,125000,kavya.joshi91@example.com
1115,Darsh Deshmukh,43,07-07-2025,Operations,159000,darsh.deshmukh86@example.com
1186,Vihaan Sharma,40,12-12-2021,Sales,40000,vihaan.sharma86@example.com
1076,Ritvik Mishra,49,02-08-2025,IT,101000,ritvik.mishra6@example.com
1256,Saanvi Deshmukh,40,19-08-2018,Other,140000,saanvi.deshmukh79@example.com
1286,Gauri Saxena,32,05-04-2024,IT,91000,gauri.saxena72@example.com
1088,Mira Rao,48,12-12-2021,Finance,138000,mira.rao47@example.com
1106,Ayaan Mehta,42,12-06-2024,Operations,47000,ayaan.mehta14@example.com
1014,Tanvi Pandey,35,26-09-2025,Finance,120000,tanvi.pandey67@example.com
1178,Vanya Bhat,36,08-12-2025,Marketing,168000,vanya.bhat54@example.com
1297,Reyansh Saxena,29,03-12-2019,Sales,92000,reyansh.saxena26@example.com
1119,Riya Singh,58,03-07-2023,Marketing,132000,riya.singh26@example.com
1268,Dhruv Patel,46,12-04-2022,Other,137000,dhruv.patel29@example.com
1003,Shaurya Chopra,31,10-10-2021,Marketing,113000,shaurya.chopra6@example.com
1393,Ananya Deshmukh,44,12-02-2022,IT,116000,ananya.deshmukh33@example.com
1019,Aarav Patel,37,13-06-2023,Marketing,67000,aarav.patel50@example.com
1066,Saanvi Patel,48,07-07-2025,HR,151000,saanvi.patel52@example.com
1147,Ritvik Bhat,52,02-03-2018,Marketing,92000,ritvik.bhat98@example.com
1433,Kavya Verma,43,25-05-2025,HR,70000,kavya.verma7@example.com
1145,Aaryan Kumar,40,25-11-2024,HR,172000,aaryan.kumar25@example.com
1225,Shaurya Verma,41,17-08-2020,IT,25000,shaurya.verma10@example.com
1263,Gauri Deshmukh,52,25-06-2024,Operations,111000,gauri.deshmukh5@example.com
1187,Riya Bhat,56,12-12-2021,Operations,111000,riya.bhat90@example.com
1424,Kabir Kumar,28,18-04-2018,Sales,180000,kabir.kumar30@example.com
1427,Saanvi Reddy,37,21-06-2018,Marketing,125000,saanvi.reddy96@example.com
1065,Neha Kulkarni,39,19-12-2019,Operations,96000,neha.kulkarni75@example.com
1069,Vivaan Pandey,32,26-02-2018,IT,54000,vivaan.pandey16@example.com
1407,Neha Singh,42,12-10-2019,Operations,49000,neha.singh07@example.com
1241,Priya Nair,53,03-11-2020,Sales,87000,priya.nair41@example.com
1298,Mira Joshi,57,30-04-2020,Marketing,101000,mira.joshi12@example.com
1416,Ishaan Sharma,40,29-11-2019,HR,94000,ishaan.sharma84@example.com
1150,Aditya Verma,43,29-10-2023,Sales,60000,aditya.verma79@example.com
1377,Khushi Nath,45,04-11-2023,Marketing,30000,khushi.nath31@example.com
1109,Priya Kulkarni,50,05-01-2024,Sales,105000,priya.kulkarni9@example.com
1087,Darsh Bhat,37,10-07-2019,Finance,163000,darsh.bhat96@example.com
1149,Ayaan Kumar,47,20-10-2021,Finance,75000,ayaan.kumar52@example.com
1323,Ananya Pandey,41,06-03-2024,IT,106000,ananya.pandey24@example.com
1349,Priya Pandey,36,26-06-2019,HR,154000,priya.pandey20@example.com
1368,Kabir Mehta,40,30-09-2022,Other,113000,kabir.mehta88@example.com
1337,Advaith Chopra,45,20-09-2021,Marketing,103000,advaith.chopra14@example.com
1164,Advik Gupta,47,12-10-2023,Marketing,72000,advik.gupta62@example.com
1457,Vivaan Patel,44,01-12-2019,Finance,57000,vivaan.patel52@example.com
1085,Khushi Sharma,29,18-07-2025,Finance,120000,khushi.sharma30@example.com
1215,Aditya Nath,40,17-02-2023,Marketing,53000,aditya.nath35@example.com
1355,Riya Nath,58,29-11-2025,HR,55000,riya.nath58@example.com
1096,Zoya Singh,36,01-02-2023,Operations,134000,zoya.singh33@example.com
1295,Vanya Pandey,25,05-01-2025,IT,131000,vanya.pandey16@example.com
1059,Vihaan Kumar,58,15-12-2018,IT,131000,vihaan.kumar80@example.com
1033,Neha Singh,40,15-01-2024,Operations,75000,neha.singh9@example.com
1308,Neha Malhotra,53,02-05-2019,Operations,51000,neha.malhotra5@example.com
1170,Vihaan Malhotra,48,25-08-2018,Operations,30000,vihaan.malhotra1@example.com
1284,Darsh Singh,37,23-09-2024,Finance,31000,darsh.singh38@example.com
1341,Atharv Kulkarni,31,04-06-2023,IT,149000,atharv.kulkarni34@example.com
1163,Priya Nath,29,23-02-2023,Operations,111000,priya.nath73@example.com
1374,Dhruv Nair,29,15-08-2025,HR,162000,dhruv.nair37@example.com
1210,Pranav Singh,26,09-01-2024,Finance,54000,pranav.singh63@example.com
1304,Krishna Bhat,29,12-12-2021,Finance,28000,krishna.bhat87@example.com
1105,Zoya Nair,24,27-02-2023,Finance,171000,zoya.nair82@example.com
1123,Riya Kumar,52,22-01-2018,IT,63000,riya.kumar94@example.com
1289,Advik Reddy,58,18-02-2023,Operations,45000,advik.reddy81@example.com
1218,Shaurya Pandey,35,09-01-2018,Sales,162000,shaurya.pandey91@example.com
1094,Navya Rao,40,27-11-2018,HR,95000,navya.rao75@example.com
1389,Reyansh Saxena,35,23-08-2025,Finance,35000,reyansh.saxena71@example.com
1191,Neha Bhat,26,22-02-2021,Sales,70000,neha.bhat91@example.com
1425,Advaith Sharma,52,10-12-2024,Operations,124000,advaith.sharma18@example.com
1419,Saanvi Mehta,23,12-12-2021,Finance,153000,saanvi.mehta8@example.com
1288,Ritu Kulkarni,26,03-07-2020,Operations,101000,ritu.kulkarni20@example.com
1381,Neha Chopra,56,23-11-2021,HR,138000,neha.chopra53@example.com
1070,Ishaan Bhat,40,24-01-2021,Marketing,87000,ishaan.bhat19@example.com
1266,Vanya Nath,41,23-07-2018,Sales,96000,vanya.nath1@example.com
1080,Kavya Kulkarni,40,12-12-2021,Operations,27000,kavya.kulkarni88@example.com
1378,Sai Singh,40,23-04-2023,IT,159000,sai.singh11@example.com
1016,Arjun Saxena,53,26-06-2019,Sales,87000,arjun.saxena53@example.com
1265,Vivaan Chopra,32,14-11-2022,IT,73000,vivaan.chopra71@example.com
1072,Darsh Kulkarni,53,01-04-2023,Finance,164000,darsh.kulkarni42@example.com
1340,Ritu Joshi,54,14-06-2022,IT,67000,ritu.joshi18@example.com
1366,Pranav Mishra,37,29-12-2021,IT,45000,pranav.mishra85@example.com
1154,Sneha Pandey,25,26-10-2023,Finance,147000,sneha.pandey41@example.com
1375,Sneha Bhat,50,04-10-2022,Marketing,62000,sneha.bhat82@example.com
1101,Khushi Patel,40,13-12-2023,Marketing,65000,khushi.patel93@example.com
1081,Vihaan Pandey,40,31-07-2020,Finance,73000,vihaan.pandey87@example.com
1367,Aarav Deshmukh,52,15-07-2021,Sales,150000,aarav.deshmukh98@example.com
1111,Sneha Mehta,57,18-06-2018,Sales,107000,sneha.mehta65@example.com
1064,Khushi Nath,53,12-12-2021,Marketing,101000,khushi.nath12@example.com
1248,Zoya Deshmukh,40,27-07-2019,IT,81000,zoya.deshmukh52@example.com
1024,Reyansh Patel,54,30-11-2021,HR,65000,reyansh.patel70@example.com
1292,Aarav Mishra,44,25-02-2019,Sales,41000,aarav.mishra39@example.com
1317,Riya Kulkarni,48,27-12-2023,Marketing,158000,riya.kulkarni49@example.com
1452,Kabir Kumar,40,26-12-2024,IT,114000,kabir.kumar35@example.com
1181,Aarav Singh,29,16-05-2023,Operations,77000,aarav.singh31@example.com
1392,Shaurya Bhat,43,04-01-2025,Finance,162000,shaurya.bhat17@example.com
1335,Arjun Nath,53,02-01-2022,Operations,97000,arjun.nath25@example.com
1391,Kabir Kulkarni,40,22-06-2018,Operations,177000,kabir.kulkarni99@example.com
1243,Mira Bhat,31,12-12-2021,HR,158000,mira.bhat48@example.com
1344,Advaith Saxena,44,29-05-2023,IT,60000,advaith.saxena44@example.com
1160,Zoya Gupta,52,27-03-2020,Finance,40000,zoya.gupta12@example.com
1082,Krishna Rao,24,12-12-2021,Finance,48000,krishna.rao42@example.com
1321,Isha Kulkarni,34,03-03-2020,HR,44000,isha.kulkarni23@example.com
1435,Simran Bhat,52,15-12-2022,Other,165000,simran.bhat81@example.com
1430,Vihaan Saxena,51,25-01-2023,Sales,174000,vihaan.saxena90@example.com
1127,Vivaan Nair,44,15-05-2025,Sales,110000,vivaan.nair46@example.com
1061,Pranav Singh,27,13-12-2019,Other,140000,pranav.singh61@example.com
1151,Khushi Pandey,41,09-09-2023,Sales,169000,khushi.pandey3@example.com
1102,Neha Pandey,25,12-12-2021,IT,133000,neha.pandey57@example.com
1213,Vanya Gupta,53,06-02-2020,Marketing,116000,vanya.gupta63@example.com
1089,Isha Deshmukh,40,04-02-2021,IT,141000,isha.deshmukh28@example.com
1385,Kabir Chopra,26,01-04-2021,Marketing,94000,kabir.chopra63@example.com
1073,Aaryan Kulkarni,40,22-04-2023,Marketing,63000,aaryan.kulkarni5@example.com
1023,Pranav Reddy,47,28-03-2025,Finance,109500,pranav.reddy80@example.com
1046,Diya Mehta,48,12-02-2018,Operations,114000,diya.mehta9@example.com
1301,Aarav Kumar,32,28-11-2022,Finance,48000,aarav.kumar44@example.com
1275,Khushi Verma,43,21-07-2018,Finance,30000,khushi.verma39@example.com
1258,Khushi Kulkarni,41,10-08-2019,Marketing,149000,khushi.kulkarni23@example.com
1404,Kavya Deshmukh,38,28-01-2023,Other,33000,kavya.deshmukh04@example.com
1343,Kabir Nath,58,01-05-2025,Sales,44000,kabir.nath49@example.com
1041,Aaryan Nath,40,07-10-2021,Sales,63000,aaryan.nath89@example.com
1097,Ishaan Bhat,40,31-01-2019,Finance,109500,ishaan.bhat72@example.com
1026,Simran Singh,35,17-12-2020,Finance,38000,simran.singh55@example.com
1371,Khushi Nath,58,16-06-2024,IT,85000,khushi.nath49@example.com
1279,Ayaan Sharma,53,29-12-2019,Marketing,114000,ayaan.sharma34@example.com
1257,Krishna Reddy,40,29-08-2019,HR,159000,krishna.reddy10@example.com
1437,Mira Gupta,40,10-03-2025,Sales,70000,mira.gupta96@example.com
1324,Sneha Gupta,56,02-12-2021,HR,109000,sneha.gupta28@example.com
1342,Aditya Singh,45,06-02-2023,IT,107000,aditya.singh67@example.com
1470,Darsh Pandey,43,14-02-2018,Sales,171000,darsh.pandey54@example.com
1107,Ritu Mehta,47,22-10-2021,HR,54000,ritu.mehta25@example.com
1322,Ayaan Mehta,39,17-06-2019,Other,144000,ayaan.mehta22@example.com
1071,Simran Saxena,30,02-05-2021,Marketing,154000,simran.saxena1@example.com
1183,Isha Reddy,58,12-12-2021,Sales,173000,isha.reddy38@example.com
1194,Kabir Malhotra,44,18-03-2022,Operations,111000,kabir.malhotra80@example.com
1434,Darsh Malhotra,40,12-12-2021,Other,152000,darsh.malhotra70@example.com
1467,Sneha Chopra,50,13-07-2020,Other,152000,sneha.chopra31@example.com
1464,Gauri Rao,23,16-11-2025,Operations,122000,gauri.rao56@example.com
1216,Isha Deshmukh,24,13-12-2022,Marketing,88000,isha.deshmukh5@example.com
1369,Priya Rao,51,12-12-2021,HR,50000,priya.rao79@example.com
1326,Aaryan Verma,42,10-04-2019,Sales,31000,aaryan.verma99@example.com
1399,Arjun Sharma,35,24-11-2018,Operations,167000,arjun.sharma54@example.com
1398,Saanvi Singh,58,05-11-2022,Sales,96000,saanvi.singh47@example.com
1356,Shaurya Rao,47,03-05-2024,Operations,66000,shaurya.rao56@example.com
1455,Vanya Patel,51,16-01-2019,Operations,141000,vanya.patel83@example.com
1084,Ritvik Reddy,51,31-07-2019,HR,126000,ritvik.reddy72@example.com
1312,Ayaan Mehta,34,18-03-2019,IT,175000,ayaan.mehta58@example.com
1217,Gauri Patel,29,28-08-2020,Operations,114000,gauri.patel79@example.com
1110,Darsh Nath,44,25-06-2021,IT,101500,darsh.nath12@example.com
1052,Sai Nath,37,23-05-2024,Marketing,151000,sai.nath24@example.com
1282,Kabir Chopra,44,06-12-2020,Operations,126000,kabir.chopra1@example.com
1156,Darsh Mishra,41,27-11-2025,Operations,147000,darsh.mishra93@example.com
1158,Pooja Nath,35,16-01-2024,Sales,60000,pooja.nath95@example.com
1153,Meera Mehta,40,09-11-2025,IT,132000,meera.mehta89@example.com
1315,Pooja Kumar,54,13-11-2025,Finance,166000,pooja.kumar26@example.com
1251,Pooja Kumar,37,08-06-2023,Sales,47000,pooja.kumar18@example.com
1231,Simran Patel,22,20-07-2021,Sales,164000,simran.patel98@example.com
1235,Atharv Rao,30,11-03-2019,Finance,91000,atharv.rao17@example.com
1463,Ritu Sharma,54,07-06-2019,IT,165000,ritu.sharma1@example.com
1157,Ayaan Kulkarni,46,06-05-2022,HR,98000,ayaan.kulkarni11@example.com
1117,Reyansh Saxena,40,11-10-2021,Sales,121000,reyansh.saxena24@example.com
1025,Meera Saxena,57,10-06-2025,HR,52000,meera.saxena20@example.com
1280,Sai Joshi,25,06-01-2024,HR,82000,sai.joshi35@example.com
1357,Sai Kumar,40,13-12-2020,IT,123000,sai.kumar52@example.com
1458,Reyansh Reddy,26,23-12-2023,Sales,87000,reyansh.reddy62@example.com
1388,Riya Gupta,38,21-02-2018,Operations,111000,riya.gupta5@example.com
1004,Vanya Rao,40,15-04-2021,Sales,117000,vanya.rao04@example.com
1034,Diya Pandey,29,15-05-2021,Operations,128000,diya.pandey71@example.com
1167,Advaith Mishra,52,17-10-2024,Operations,145000,advaith.mishra86@example.com
1363,Priya Malhotra,23,22-11-2020,Operations,81000,priya.malhotra30@example.com
1408,Neha Mehta,25,01-10-2021,Marketing,55000,neha.mehta30@example.com
1012,Shaurya Deshmukh,55,19-09-2024,IT,117000,shaurya.deshmukh40@example.com
1159,Aaryan Verma,55,11-08-2020,Marketing,145000,aaryan.verma99@example.com
1409,Simran Sharma,40,12-12-2021,Sales,108000,simran.sharma29@example.com
1353,Aarav Kulkarni,40,05-05-2025,Finance,52000,aarav.kulkarni84@example.com
1209,Priya Mishra,33,16-05-2025,IT,75000,priya.mishra55@example.com
1331,Arjun Nair,28,10-09-2025,IT,137000,arjun.nair31@example.com
1242,Vanya Nair,22,01-06-2018,Marketing,103000,vanya.nair68@example.com
1220,Krishna Kumar,42,01-08-2025,HR,93000,krishna.kumar49@example.com
1249,Sai Kulkarni,40,22-09-2018,Operations,57000,sai.kulkarni43@example.com
1261,Arjun Mishra,42,30-12-2018,Operations,110000,arjun.mishra34@example.com
1306,Kavya Kumar,57,15-11-2024,Operations,154000,kavya.kumar64@example.com
1333,Zoya Kumar,22,06-03-2022,IT,113000,zoya.kumar83@example.com
1138,Zoya Kumar,40,19-06-2022,Operations,130000,zoya.kumar38@example.com
1174,Aaryan Malhotra,39,12-12-2021,Operations,111000,aaryan.malhotra9@example.com
1118,Meera Gupta,24,08-02-2025,Marketing,139000,meera.gupta31@example.com
1086,Meera Deshmukh,36,15-02-2025,Operations,129000,meera.deshmukh6@example.com
1270,Tanvi Chopra,52,23-08-2020,IT,33000,tanvi.chopra67@example.com
1168,Aaryan Pandey,27,12-04-2023,IT,101500,aaryan.pandey71@example.com
1278,Vivaan Gupta,34,12-12-2021,IT,75000,vivaan.gupta60@example.com
1319,Pooja Rao,57,04-04-2025,HR,98000,pooja.rao7@example.com
1260,Neha Mehta,40,03-10-2024,Sales,169000,neha.mehta64@example.com
1011,Aarav Nath,33,12-03-2019,Finance,154000,aarav.nath20@example.com
1262,Arjun Nair,28,17-07-2018,Operations,67000,arjun.nair64@example.com
1311,Ritvik Deshmukh,40,11-04-2019,Operations,129000,ritvik.deshmukh79@example.com
1027,Aditya Sharma,30,08-12-2020,Marketing,134000,aditya.sharma27@example.com
1015,Aaryan Mishra,23,31-07-2020,IT,40000,aaryan.mishra5@example.com
1239,Ananya Nath,58,19-08-2023,IT,157000,ananya.nath39@example.com
1449,Darsh Reddy,28,16-10-2023,HR,34000,darsh.reddy92@example.com
1276,Saanvi Rao,36,20-12-2022,Finance,131000,saanvi.rao12@example.com
1208,Ayaan Sharma,28,05-11-2019,Operations,69000,ayaan.sharma43@example.com
1214,Kavya Deshmukh,53,07-08-2023,Marketing,46000,kavya.deshmukh98@example.com
1287,Atharv Reddy,36,06-11-2021,Finance,174000,atharv.reddy16@example.com
1128,Atharv Malhotra,52,07-07-2019,Other,140000,atharv.malhotra26@example.com
1459,Diya Singh,49,19-11-2022,Finance,85000,diya.singh59@example.com
1165,Aaryan Sharma,37,29-12-2020,Finance,109500,aaryan.sharma84@example.com
1396,Meera Nair,37,17-09-2018,Sales,73000,meera.nair64@example.com
1203,Ishaan Chopra,26,15-09-2024,Marketing,132000,ishaan.chopra47@example.com
1465,Atharv Bhat,57,15-01-2022,HR,57000,atharv.bhat10@example.com
1253,Kavya Nath,42,01-05-2018,Finance,145000,kavya.nath99@example.com
1126,Isha Patel,56,09-11-2023,Marketing,36000,isha.patel48@example.com
1402,Priya Chopra,32,03-02-2024,Finance,161000,priya.chopra57@example.com
1152,Ayaan Chopra,23,23-12-2020,Sales,38000,ayaan.chopra22@example.com
1185,Priya Gupta,44,17-02-2024,Sales,40000,priya.gupta10@example.com
1370,Atharv Deshmukh,39,16-11-2024,HR,78000,atharv.deshmukh97@example.com
1405,Krishna Joshi,36,12-12-2021,Operations,166000,krishna.joshi74@example.com
1445,Mira Verma,41,09-08-2025,Other,172000,mira.verma45@example.com
1049,Advik Patel,40,20-05-2021,Sales,169000,advik.patel45@example.com
1189,Khushi Malhotra,36,27-11-2018,Operations,48000,khushi.malhotra49@example.com
1422,Advik Kumar,55,28-10-2022,HR,169000,advik.kumar22@example.com
1250,Priya Verma,58,06-06-2022,Marketing,69000,priya.verma24@example.com
1428,Vanya Saxena,24,24-01-2023,IT,87000,vanya.saxena51@example.com
1406,Ishaan Rao,44,21-12-2020,Sales,90000,ishaan.rao12@example.com
1125,Vivaan Saxena,31,01-07-2018,HR,72000,vivaan.saxena11@example.com
1373,Neha Verma,40,11-07-2020,Operations,111000,neha.verma47@example.com
1134,Pooja Nair,26,09-12-2023,Finance,88000,pooja.nair4@example.com
1413,Isha Nair,44,04-10-2018,HR,138000,isha.nair13@example.com
1441,Saanvi Gupta,36,12-12-2021,IT,55000,saanvi.gupta27@example.com
1412,Zoya Pandey,55,21-10-2018,Marketing,101000,zoya.pandey86@example.com
1382,Darsh Sharma,30,04-06-2023,Operations,147000,darsh.sharma99@example.com
1179,Krishna Mehta,35,20-11-2018,Finance,109500,krishna.mehta49@example.com
1291,Khushi Chopra,40,27-12-2023,Finance,107000,khushi.chopra68@example.com
1098,Ayaan Chopra,49,30-07-2018,Sales,51000,ayaan.chopra28@example.com
1274,Ritvik Deshmukh,48,05-06-2025,Sales,69000,ritvik.deshmukh19@example.com
1021,Ananya Verma,52,16-12-2023,Sales,96000,ananya.verma9@example.com
1091,Advaith Reddy,22,16-08-2019,Sales,69000,advaith.reddy4@example.com
1104,Darsh Singh,38,12-12-2021,Operations,58000,darsh.singh91@example.com
1236,Kabir Rao,23,25-10-2022,IT,172000,kabir.rao64@example.com
1042,Pranav Patel,43,31-08-2022,Marketing,174000,pranav.patel3@example.com
1175,Aditya Malhotra,25,07-01-2018,HR,39000,aditya.malhotra38@example.com
1188,Atharv Rao,55,26-02-2020,Finance,93000,atharv.rao11@example.com
1047,Aditya Sharma,34,19-12-2024,HR,54000,aditya.sharma28@example.com
1029,Reyansh Nair,48,26-09-2019,HR,70000,reyansh.nair4@example.com
1206,Isha Mehta,54,04-11-2018,Finance,46000,isha.mehta94@example.com
1320,Kavya Chopra,42,12-12-2021,Finance,138000,kavya.chopra82@example.com
1184,Diya Mishra,37,05-05-2025,Finance,150000,diya.mishra83@example.com
1468,Kabir Chopra,58,06-05-2018,Operations,173000,kabir.chopra89@example.com
1247,Pranav Reddy,37,06-12-2022,Operations,111000,pranav.reddy52@example.com
1453,Ritvik Kulkarni,26,19-10-2021,IT,145000,ritvik.kulkarni7@example.com
1283,Isha Deshmukh,40,19-03-2019,Finance,108000,isha.deshmukh34@example.com
1116,Isha Sharma,33,31-10-2021,Marketing,60000,isha.sharma38@example.com
1314,Atharv Kumar,42,25-04-2022,Sales,88000,atharv.kumar44@example.com
1207,Darsh Reddy,35,27-11-2021,Marketing,140000,darsh.reddy07@example.com
1224,Navya Singh,30,21-05-2021,Finance,109500,navya.singh48@example.com
1245,Khushi Reddy,39,10-04-2020,Sales,52000,khushi.reddy60@example.com
1309,Aarav Patel,41,22-04-2024,Operations,112000,aarav.patel7@example.com
1264,Ananya Nath,26,18-03-2022,IT,48000,ananya.nath79@example.com
1002,Sneha Pandey,34,11-12-2025,HR,96000,sneha.pandey1@example.com
1390,Dhruv Bhat,34,02-08-2018,HR,85000,dhruv.bhat90@example.com
1169,Advik Kulkarni,32,11-02-2023,Operations,174000,advik.kulkarni66@example.com
1454,Vihaan Patel,33,24-08-2024,Operations,116000,vihaan.patel26@example.com
1460,Neha Bhat,51,02-04-2019,HR,94000,neha.bhat14@example.com
1020,Priya Joshi,57,17-06-2023,Finance,39000,priya.joshi20@example.com
1001,Ayaan Sharma,37,24-02-2019,Sales,96000,ayaan.sharma12@example.com
1077,Vihaan Joshi,49,16-12-2023,Operations,68000,vihaan.joshi79@example.com
1255,Ritu Reddy,44,26-04-2018,Finance,169000,ritu.reddy25@example.com
1010,Tanvi Nath,22,15-04-2019,Sales,112000,tanvi.nath56@example.com
1364,Mira Nair,22,14-12-2020,IT,101500,mira.nair23@example.com
1360,Khushi Mehta,40,22-11-2025,IT,168000,khushi.mehta45@example.com
1293,Priya Saxena,43,14-09-2025,Finance,150000,priya.saxena25@example.com
1037,Darsh Mishra,40,29-09-2020,Sales,43000,darsh.mishra81@example.com
1325,Meera Saxena,57,12-12-2021,Operations,86000,meera.saxena79@example.com
1358,Tanvi Joshi,25,19-12-2019,Other,157000,tanvi.joshi5@example.com
1053,Gauri Nath,39,18-10-2023,IT,129000,gauri.nath98@example.com
1227,Reyansh Rao,41,30-06-2019,Operations,160000,reyansh.rao79@example.com
1055,Navya Deshmukh,51,26-10-2020,Operations,55000,navya.deshmukh98@example.com
1365,Gauri Singh,39,30-08-2025,HR,76000,gauri.singh31@example.com
1221,Sai Mehta,39,20-02-2022,Marketing,25000,sai.mehta94@example.com
1277,Pranav Chopra,55,19-08-2018,HR,154000,pranav.chopra68@example.com
1074,Ritu Reddy,40,12-12-2021,HR,94000,ritu.reddy34@example.com
1056,Advik Singh,39,19-11-2023,IT,100000,advik.singh23@example.com
1400,Vihaan Pandey,24,29-05-2021,HR,49000,vihaan.pandey30@example.com
1415,Ayaan Joshi,23,13-01-2024,Sales,91000,ayaan.joshi80@example.com
1202,Priya Singh,40,10-11-2018,Marketing,60000,priya.singh31@example.com
1103,Pranav Saxena,40,17-06-2023,Other,126000,pranav.saxena03@example.com
1252,Tanvi Mishra,56,16-04-2022,Finance,149000,tanvi.mishra73@example.com
1036,Ananya Malhotra,35,27-11-2019,Finance,110000,ananya.malhotra97@example.com
1450,Ayaan Sharma,24,31-08-2024,Finance,36000,ayaan.sharma99@example.com
1092,Gauri Mishra,23,03-08-2018,Marketing,41000,gauri.mishra47@example.com
1439,Kabir Reddy,55,05-06-2020,IT,160000,kabir.reddy62@example.com
1133,Vivaan Kumar,40,03-10-2018,Operations,123000,vivaan.kumar5@example.com
1031,Advaith Mishra,34,15-02-2021,Finance,155000,advaith.mishra69@example.com
1171,Ritu Patel,44,26-01-2024,IT,101500,ritu.patel53@example.com
1199,Aaryan Bhat,34,09-07-2019,Marketing,122000,aaryan.bhat43@example.com
1411,Zoya Mehta,47,29-10-2025,HR,75000,zoya.mehta84@example.com
1032,Vivaan Rao,38,12-12-2021,Sales,105000,vivaan.rao66@example.com
1330,Pooja Mehta,23,30-04-2019,Operations,41000,pooja.mehta30@example.com
1038,Kavya Bhat,31,23-01-2018,IT,81000,kavya.bhat90@example.com
1083,Atharv Singh,56,02-07-2022,Finance,90000,atharv.singh62@example.com
1166,Aaryan Verma,51,19-07-2022,Operations,55000,aaryan.verma38@example.com
1219,Neha Nath,54,14-08-2025,HR,130000,neha.nath36@example.com
1142,Vivaan Patel,58,13-05-2020,Marketing,32000,vivaan.patel81@example.com
1233,Sai Deshmukh,31,23-06-2021,HR,64000,sai.deshmukh51@example.com
1328,Aarav Patel,35,10-04-2022,HR,136000,aarav.patel10@example.com
1039,Vihaan Deshmukh,29,19-03-2023,Sales,138000,vihaan.deshmukh93@example.com
1240,Priya Joshi,41,15-03-2024,Finance,169000,priya.joshi95@example.com
1451,Darsh Sharma,41,09-05-2020,HR,161000,darsh.sharma57@example.com
1057,Vanya Kumar,25,27-10-2025,Operations,150000,vanya.kumar2@example.com
1095,Ananya Mehta,55,09-02-2023,IT,54000,ananya.mehta84@example.com
1290,Ananya Verma,39,22-11-2019,HR,47000,ananya.verma56@example.com
1332,Shaurya Deshmukh,47,14-02-2024,Operations,120000,shaurya.deshmukh2@example.com
1352,Neha Rao,38,10-08-2020,IT,164000,neha.rao52@example.com
1193,Krishna Patel,40,26-11-2022,IT,177000,krishna.patel93@example.com
1067,Zoya Verma,42,20-04-2019,Marketing,25000,zoya.verma70@example.com
1045,Khushi Kulkarni,40,22-10-2022,Marketing,91000,khushi.kulkarni28@example.com
1062,Advaith Joshi,40,14-08-2020,Operations,75000,advaith.joshi70@example.com
1063,Ishaan Nath,40,13-06-2021,Sales,137000,ishaan.nath89@example.com
1403,Ananya Deshmukh,42,16-08-2022,Marketing,107000,ananya.deshmukh73@example.com
1307,Arjun Bhat,43,26-07-2018,Sales,128000,arjun.bhat11@example.com
1112,Vihaan Malhotra,43,12-12-2018,Other,137000,vihaan.malhotra68@example.com
1461,Simran Mehta,40,24-07-2019,Operations,62000,simran.mehta58@example.com
1030,Diya Chopra,37,12-11-2025,IT,81000,diya.chopra59@example.com
1048,Dhruv Nair,29,02-11-2019,IT,104000,dhruv.nair49@example.com
1318,Vihaan Singh,32,31-08-2025,IT,100000,vihaan.singh18@example.com
1013,Aaryan Kulkarni,27,11-10-2018,Sales,57000,aaryan.kulkarni71@example.com
1018,Advik Deshmukh,49,10-03-2023,IT,165000,advik.deshmukh84@example.com
1099,Riya Mishra,44,14-02-2022,Finance,134000,riya.mishra99@example.com
1129,Ananya Joshi,56,30-05-2018,HR,37000,ananya.joshi43@example.com
1146,Saanvi Saxena,41,04-01-2019,Sales,86000,saanvi.saxena46@example.com
1113,Shaurya Nair,40,17-10-2021,IT,101500,shaurya.nair13@example.com
1180,Simran Verma,34,08-03-2024,Sales,78000,simran.verma43@example.com
1384,Kavya Mishra,49,18-10-2023,Sales,94000,kavya.mishra96@example.com
1351,Navya Saxena,24,24-10-2022,Marketing,122000,navya.saxena95@example.com
1054,Riya Bhat,40,26-06-2020,HR,173000,riya.bhat71@example.com
1269,Neha Verma,40,11-09-2021,Marketing,175000,neha.verma8@example.com
1394,Saanvi Malhotra,56,17-02-2020,Sales,144000,saanvi.malhotra77@example.com
1211,Ananya Pandey,47,26-11-2021,Marketing,101000,ananya.pandey76@example.com
1035,Mira Mehta,33,17-05-2021,IT,78000,mira.mehta75@example.com
1005,Advaith Joshi,36,06-04-2022,Operations,66000,advaith.joshi27@example.com
1438,Aditya Patel,42,04-02-2022,Marketing,41000,aditya.patel18@example.com
1006,Arjun Pandey,56,11-01-2019,Finance,167000,arjun.pandey42@example.com
1281,Sneha Sharma,22,26-06-2019,Sales,96000,sneha.sharma40@example.com
1161,Advaith Deshmukh,24,19-12-2019,HR,34000,advaith.deshmukh51@example.com
1469,Tanvi Nath,27,03-11-2024,Marketing,44000,tanvi.nath70@example.com
1354,Dhruv Deshmukh,45,19-08-2025,HR,167000,dhruv.deshmukh48@example.com
1347,Shaurya Nath,55,20-09-2024,Other,97000,shaurya.nath28@example.com
1173,Vanya Mehta,36,04-04-2018,Marketing,164000,vanya.mehta49@example.com
1267,Ritvik Pandey,40,12-01-2019,IT,54000,ritvik.pandey51@example.com
1100,Meera Deshmukh,40,24-01-2021,Finance,109500,meera.deshmukh19@example.com
1302,Khushi Mehta,39,26-09-2025,Marketing,67000,khushi.mehta90@example.com
1345,Kabir Singh,32,30-04-2019,Marketing,54000,kabir.singh62@example.com
1444,Diya Bhat,24,27-05-2023,Marketing,162000,diya.bhat60@example.com
1124,Navya Rao,37,15-07-2018,Operations,111000,navya.rao64@example.com
1346,Ritu Gupta,40,26-06-2018,Sales,96000,ritu.gupta74@example.com
1237,Isha Verma,58,07-10-2019,IT,54000,isha.verma37@example.com
1201,Saanvi Kulkarni,42,29-05-2022,Sales,164000,saanvi.kulkarni99@example.com
1300,Vihaan Rao,24,15-01-2022,Finance,54000,vihaan.rao98@example.com
1336,Pooja Reddy,41,17-09-2019,Finance,134000,pooja.reddy41@example.com
1131,Sai Chopra,33,08-08-2021,Finance,103000,sai.chopra92@example.com
1051,Navya Gupta,39,14-01-2024,Marketing,176000,navya.gupta32@example.com
1137,Shaurya Gupta,54,04-03-2020,HR,31000,shaurya.gupta74@example.com
1139,Ananya Patel,55,03-08-2024,HR,58000,ananya.patel8@example.com
1172,Krishna Chopra,46,27-03-2022,Operations,163000,krishna.chopra45@example.com
1140,Tanvi Kumar,32,15-12-2025,Sales,96000,tanvi.kumar82@example.com
1334,Ishaan Gupta,38,13-01-2020,Sales,165000,ishaan.gupta34@example.com
1313,Ritu Saxena,40,18-07-2018,Marketing,148000,ritu.saxena23@example.com
1222,Priya Nair,56,26-10-2022,Marketing,97000,priya.nair74@example.com
1182,Ritvik Mehta,44,13-01-2022,Marketing,145000,ritvik.mehta41@example.com
1448,Isha Verma,27,13-04-2018,Sales,112000,isha.verma94@example.com
1426,Advaith Verma,22,19-08-2022,Operations,111000,advaith.verma57@example.com
1050,Isha Patel,40,17-09-2022,IT,117000,isha.patel59@example.com
1022,Aaryan Mehta,58,12-12-2021,IT,174000,aaryan.mehta41@example.com
1423,Vanya Rao,31,29-07-2021,Marketing,102000,vanya.rao82@example.com
1417,Arjun Mehta,45,20-03-2018,Operations,122000,arjun.mehta91@example.com
1162,Atharv Joshi,22,04-10-2024,Finance,164000,atharv.joshi18@example.com
1348,Riya Bhat,48,14-07-2024,HR,155000,riya.bhat93@example.com
1196,Kabir Rao,33,31-03-2024,Marketing,47000,kabir.rao12@example.com
1230,Vivaan Joshi,54,24-05-2022,IT,86000,vivaan.joshi15@example.com
1148,Aditya Mehta,57,16-03-2024,Marketing,165000,aditya.mehta80@example.com
1007,Vihaan Mishra,42,29-09-2018,Sales,105000,vihaan.mishra64@example.com
1223,Saanvi Reddy,40,01-08-2025,Other,65000,saanvi.reddy1@example.com
1272,Ishaan Pandey,40,28-03-2024,Finance,158000,ishaan.pandey2@example.com
1462,Kavya Pandey,34,20-07-2021,Operations,136000,kavya.pandey45@example.com
1135,Saanvi Saxena,40,23-11-2025,Sales,150000,saanvi.saxena18@example.com
1200,Navya Pandey,42,18-10-2025,Finance,126000,navya.pandey38@example.com
1362,Diya Rao,38,12-06-2024,Marketing,169000,diya.rao32@example.com
1350,Atharv Bhat,24,17-12-2023,IT,58000,atharv.bhat70@example.com
1195,Aaryan Patel,31,09-02-2025,Marketing,52000,aaryan.patel40@example.com
1120,Krishna Nath,52,21-03-2024,Operations,56000,krishna.nath98@example.com
1273,Meera Kulkarni,40,31-08-2019,Sales,50000,meera.kulkarni73@example.com
1456,Priya Bhat,36,01-12-2024,Finance,109000,priya.bhat42@example.com
1383,Ritvik Pandey,22,02-12-2020,Sales,88000,ritvik.pandey95@example.com
1431,Khushi Chopra,23,14-08-2024,HR,94000,khushi.chopra89@example.com
1155,Priya Deshmukh,44,20-08-2025,Operations,148000,priya.deshmukh32@example.com
1244,Sai Kulkarni,30,04-06-2022,Sales,58000,sai.kulkarni34@example.com
1205,Khushi Reddy,40,08-02-2019,Sales,167000,khushi.reddy74@example.com
1238,Aarav Mishra,45,07-09-2019,IT,132000,aarav.mishra32@example.com
1447,Darsh Reddy,39,29-07-2023,Finance,102000,darsh.reddy39@example.com
1060,Tanvi Mehta,50,07-08-2024,Finance,40000,tanvi.mehta95@example.com
1420,Kavya Sharma,39,31-10-2021,Operations,122000,kavya.sharma87@example.com
1387,Pranav Reddy,53,15-03-2023,IT,101500,pranav.reddy87@example.com
1136,Pooja Gupta,50,25-08-2025,Finance,41000,pooja.gupta38@example.com
1329,Ishaan Sharma,40,28-10-2018,Finance,172000,ishaan.sharma34@example.com
1028,Ishaan Deshmukh,45,30-08-2019,IT,35000,ishaan.deshmukh27@example.com
1177,Atharv Chopra,25,20-03-2025,Sales,131000,atharv.chopra39@example.com
1432,Shaurya Rao,50,16-12-2018,Marketing,155000,shaurya.rao21@example.com
1376,Diya Chopra,58,20-10-2018,Finance,106000,diya.chopra91@example.com
1296,Riya Kumar,22,03-06-2025,Sales,180000,riya.kumar54@example.com
1108,Gauri Nair,31,23-08-2019,HR,44000,gauri.nair99@example.com
1327,Sneha Malhotra,40,28-02-2020,IT,67000,sneha.malhotra99@example.com
1372,Ishaan Bhat,33,05-07-2019,Operations,105000,ishaan.bhat39@example.com
1226,Advaith Saxena,40,11-08-2021,Marketing,101000,advaith.saxena50@example.com
1339,Ritu Kulkarni,35,09-03-2024,Sales,63000,ritu.kulkarni29@example.com
1122,Kavya Patel,23,02-10-2019,Operations,62000,kavya.patel37@example.com
1197,Ananya Mehta,48,13-12-2018,Sales,87000,ananya.mehta22@example.com
1395,Zoya Gupta,31,14-12-2020,Other,154000,zoya.gupta24@example.com
1212,Krishna Reddy,40,11-10-2025,Marketing,60000,krishna.reddy55@example.com
1386,Vivaan Kumar,40,23-02-2019,HR,27000,vivaan.kumar86@example.com
1254,Advaith Gupta,37,18-08-2018,HR,124000,advaith.gupta23@example.com
1429,Aditya Deshmukh,25,06-12-2022,Finance,98000,aditya.deshmukh55@example.com
1079,Arjun Malhotra,41,10-04-2022,Marketing,75000,arjun.malhotra62@example.com
1421,Advaith Chopra,31,03-07-2021,Finance,58000,advaith.chopra18@example.com
1305,Neha Kulkarni,43,20-09-2025,IT,88000,neha.kulkarni85@example.com
1075,Khushi Patel,56,21-07-2021,Marketing,34000,khushi.patel31@example.com
1044,Kabir Chopra,46,13-08-2025,Operations,144000,kabir.chopra80@example.com
1176,Neha Reddy,42,10-08-2019,Sales,101000,neha.reddy72@example.com
1017,Reyansh Chopra,48,08-10-2018,Operations,128000,reyansh.chopra14@example.com
1442,Mira Chopra,44,24-02-2025,Operations,111000,mira.chopra9@example.com
1271,Meera Kumar,50,16-11-2019,HR,94000,meera.kumar88@example.com
1410,Khushi Malhotra,58,28-06-2020,Marketing,101000,khushi.malhotra74@example.com
1093,Reyansh Malhotra,24,22-05-2025,Marketing,101000,reyansh.malhotra62@example.com
1121,Pooja Saxena,40,28-06-2020,Finance,109500,pooja.saxena65@example.com
1359,Sneha Saxena,32,13-01-2022,IT,47000,sneha.saxena52@example.com
1401,Advik Singh,37,01-03-2020,Sales,52000,advik.singh74@example.com
1414,Advaith Singh,31,18-12-2018,IT,62000,advaith.singh14@example.com
1190,Vihaan Sharma,27,13-11-2022,Finance,49000,vihaan.sharma6@example.com
1229,Kavya Nair,42,11-10-2020,IT,178000,kavya.nair78@example.com
1338,Simran Patel,30,15-03-2020,Operations,44000,simran.patel65@example.com
1078,Meera Mishra,31,25-02-2025,Finance,144000,meera.mishra87@example.com
1379,Meera Kumar,46,10-10-2020,Marketing,58000,meera.kumar79@example.com
1303,Shaurya Rao,52,08-10-2025,Sales,116000,shaurya.rao88@example.com
1466,Ishaan Bhat,40,15-03-2025,Marketing,179000,ishaan.bhat80@example.com
1090,Simran Sharma,43,31-05-2019,HR,166000,simran.sharma28@example.com
1310,Priya Reddy,52,28-01-2022,IT,101500,priya.reddy46@example.com
1058,Riya Bhat,33,31-10-2020,Marketing,41000,riya.bhat10@example.com
1380,Gauri Reddy,51,24-01-2024,Sales,163000,gauri.reddy77@example.com
1008,Priya Kumar,37,17-01-2024,Sales,174000,priya.kumar29@example.com
1132,Pooja Nair,44,17-11-2022,IT,128000,pooja.nair96@example.com
1440,Simran Joshi,42,13-06-2024,Finance,169000,simran.joshi94@example.com
1141,Kabir Kumar,40,10-03-2025,Sales,179000,kabir.kumar41@example.com
1144,Ananya Reddy,44,20-06-2019,Sales,96000,ananya.reddy16@example.com
1316,Ritvik Nair,30,16-04-2025,HR,107000,ritvik.nair98@example.com
1068,Vihaan Singh,53,31-07-2018,Sales,98000,vihaan.singh90@example.com
1130,Isha Chopra,50,03-05-2022,HR,152000,isha.chopra67@example.com
1143,Darsh Bhat,47,26-10-2018,HR,148000,darsh.bhat44@example.com
1436,Pranav Verma,25,31-05-2018,IT,179000,pranav.verma36@example.com
1040,Navya Deshmukh,32,29-04-2023,HR,95000,navya.deshmukh67@example.com
1259,Zoya Pandey,36,20-12-2019,Operations,57000,zoya.pandey1@example.com
